time,multiprocess,output_type,dpi,number_of_files,number_iterations
1386.3579772879602,True,txt,200,1,5
6963.069395652041,False,txt,200,1,5
747.9105741990497,True,txt,200,1,2
3120.9730004359735,False,txt,200,1,2
