time,multiprocess,output_type,dpi,number_of_files,number_iterations
309.3594679350499,True,txt,200,1,1
560.0287017090013,False,txt,200,1,1
379.73448818799807,True,txt,200,1,4
777.5842144717462,False,txt,200,1,4
261.115388510123,True,txt,200,1,8
623.6552951076301,False,txt,200,1,8
362.5761389255058,True,txt,200,1,4
759.9826257219829,False,txt,200,1,4
252.1107612909982,True,html,200,1,1
505.6893809940666,False,html,200,1,1
